{
    "keywords": {
      "bomb": 30,
      "explode": 25,
      "detonate": 30,
      "explosive": 25,
      "terror": 20,
      "terrorist": 25,
      "threat": 15,
      "danger": 10,
      "warning": 10,
      "alert": 10,
      "urgent": 5,
      "emergency": 10,
      "evacuate": 15,
      "hostage": 30,
      "attack": 20,
      "violence": 15,
      "weapon": 20,
      "gun": 20,
      "shoot": 20,
      "kill": 25,
      "harm": 15,
      "dangerous": 10,
      "suspicious": 10,
      "package": 5,
      "device": 10
    },
    "patterns": [
      {
        "pattern": "detonate in \\d+",
        "score": 35
      },
      {
        "pattern": "explode in \\d+",
        "score": 30
      },
      {
        "pattern": "bomb in \\w+",
        "score": 40
      },
      {
        "pattern": "kill everyone",
        "score": 50
      },
      {
        "pattern": "hurt people",
        "score": 30
      }
    ]
  }